,S0,S1
,0.22340425531914898,0.7765957446808511
,0.9634760705289672,0.03652392947103275
,0.9548872180451128,0.04511278195488722
,0.5520833333333334,0.4479166666666667
,0.8705882352941178,0.12941176470588237
,0.9659090909090909,0.034090909090909095
,0.9372134038800706,0.06278659611992946
,0.9667493796526055,0.03325062034739454
,0.4957983193277311,0.5042016806722689
,0.941354903943377,0.05864509605662285
,0.9541832669322708,0.045816733067729085
,0.9796640141467727,0.020335985853227233
,0.9610570236439498,0.03894297635605007
,0.9203821656050956,0.07961783439490445
,0.8817635270541082,0.11823647294589179
,0.92,0.08
,0.7716535433070866,0.22834645669291337
,0.9589905362776024,0.04100946372239747
,0.8095238095238096,0.1904761904761905
,0.6379821958456973,0.3620178041543026
,0.6418918918918919,0.3581081081081081
,0.9703622392974751,0.029637760702524697
,0.952,0.048
,0.5178571428571429,0.48214285714285715
,0.8779527559055118,0.12204724409448818
,0.9198830409356725,0.08011695906432749
,0.9301978350130645,0.06980216498693542
,0.9655521783181358,0.034447821681864235
,0.5089285714285714,0.49107142857142855
,0.9392624728850325,0.060737527114967466
,0.9490196078431371,0.050980392156862744
,0.9811996418979408,0.01880035810205909
,0.4285714285714285,0.5714285714285714
,0.9587878787878789,0.041212121212121214
,0.9549019607843137,0.045098039215686274
,0.9703504043126685,0.029649595687331536
,0.9088145896656535,0.09118541033434652
,0.9107883817427387,0.08921161825726141
,0.9087719298245615,0.0912280701754386
,0.7650200267022698,0.2349799732977303
,0.9655172413793103,0.03448275862068965
,0.7313915857605179,0.26860841423948223
,0.6293929712460063,0.3706070287539936
,0.648951048951049,0.35104895104895106
,0.9714285714285714,0.028571428571428574
,0.9418837675350701,0.05811623246492986
,0.9393305439330544,0.06066945606694561
,0.8666666666666667,0.13333333333333333
,0.9191049913941479,0.08089500860585198
,0.9127272727272728,0.08727272727272728
,0.08214285714285716,0.917857142857143
,0.9468599033816425,0.05314009661835748
,0.9169960474308302,0.08300395256916998
,0.9533898305084745,0.04661016949152542
,0.9152542372881357,0.08474576271186442
,0.5196850393700787,0.48031496062992124
,0.905109489051095,0.09489051094890512
,0.6384364820846906,0.3615635179153095
,0.9479166666666665,0.052083333333333336
,0.7435897435897436,0.25641025641025644
,0.9485981308411213,0.0514018691588785
,0.967551622418879,0.032448377581120944
,0.9470468431771895,0.05295315682281059
,0.9621903520208605,0.03780964797913951
,0.8997214484679666,0.10027855153203342
,0.5092592592592593,0.49074074074074076
,0.9090909090909092,0.09090909090909091
,0.9110320284697508,0.08896797153024912
,0.9486652977412731,0.0513347022587269
,0.8670520231213873,0.13294797687861273
,0.4857142857142857,0.5142857142857143
,0.9249146757679182,0.07508532423208192
,0.957037037037037,0.04296296296296297
,0.31451612903225806,0.685483870967742
,0.9516908212560387,0.04830917874396135
,0.9077490774907749,0.09225092250922509
,0.4244186046511627,0.5755813953488371
,0.5254237288135593,0.47457627118644063
,0.9605263157894737,0.03947368421052632
,0.49206349206349204,0.5079365079365079
,0.8703071672354951,0.12969283276450513
,0.30327868852459017,0.6967213114754099
,0.5048076923076923,0.4951923076923077
,0.524390243902439,0.47560975609756095
,0.20748299319727892,0.7925170068027211
,0.9762357414448669,0.023764258555133082
,0.9811178247734138,0.0188821752265861
,0.8727272727272729,0.12727272727272726
,0.9749999999999998,0.024999999999999998
,0.7751937984496123,0.2248062015503876
,0.9453681710213777,0.05463182897862233
,0.4895104895104894,0.5104895104895104
,0.46153846153846156,0.5384615384615384
,0.9648910411622276,0.0351089588377724
,0.8507109004739337,0.14928909952606637
,0.6765847347994826,0.32341526520051744
,0.5,0.5
,0.9801385681293303,0.01986143187066975
,0.9216346153846154,0.07836538461538461
,0.9135338345864663,0.08646616541353384
,0.9529914529914528,0.047008547008547
,0.801526717557252,0.19847328244274812
,0.5208333333333333,0.47916666666666663
,0.5346534653465347,0.46534653465346537
,0.47311827956989244,0.5268817204301075
,0.9575757575757576,0.04242424242424243
,0.9137254901960785,0.08627450980392158
,0.9156118143459915,0.08438818565400844
,0.9483394833948341,0.05166051660516606
,0.509761388286334,0.49023861171366595
,0.9137254901960785,0.08627450980392158
,0.9067796610169493,0.09322033898305085
,0.9141791044776121,0.08582089552238807
,0.9229323308270676,0.07706766917293233
,0.9169550173010381,0.08304498269896195
,0.9591503267973857,0.04084967320261438
,0.9763872491145217,0.023612750885478158
,0.9540441176470589,0.04595588235294117
,0.9457831325301204,0.05421686746987952
,0.911439114391144,0.0885608856088561
,0.9539473684210527,0.046052631578947366
,0.950207468879668,0.049792531120331954
,0.9141791044776121,0.08582089552238807
,0.5090909090909091,0.4909090909090909
,0.49107142857142855,0.5089285714285713
,0.9526748971193415,0.047325102880658436
,0.9533898305084745,0.04661016949152542
,0.9504310344827586,0.049568965517241374
,0.9272727272727274,0.07272727272727274
,0.4304635761589403,0.5695364238410596
,0.5531914893617021,0.4468085106382979
,0.31468531468531463,0.6853146853146852
,0.9448818897637795,0.05511811023622048
,0.9873997709049256,0.012600229095074458
,0.7616904226056515,0.23830957739434855
,0.6666666666666667,0.33333333333333337
,0.7458064516129032,0.2541935483870968
,0.9098360655737704,0.09016393442622951
,0.6529429704178104,0.34705702958218965
,0.8796296296296298,0.12037037037037038
,0.49056603773584906,0.5094339622641509
,0.9404580152671755,0.059541984732824425
,0.9547169811320755,0.045283018867924525
,0.9115384615384615,0.08846153846153847
,0.8879310344827587,0.11206896551724138
,0.14470588235294118,0.8552941176470589
,0.9755058572949946,0.024494142705005325
,0.918032786885246,0.0819672131147541
,0.9765506807866868,0.023449319213313162
,0.8632724943964138,0.13672750560358632
,0.9751243781094525,0.02487562189054726
,0.9078947368421053,0.09210526315789475
,0.9648910411622276,0.0351089588377724
,0.9207920792079208,0.07920792079207922
,0.898477157360406,0.10152284263959391
,0.6367041198501873,0.36329588014981273
,0.9195402298850577,0.08045977011494254
,0.9182879377431908,0.08171206225680935
,0.918032786885246,0.0819672131147541
,0.9687010954616588,0.03129890453834116
,0.5,0.5
,0.9196787148594379,0.08032128514056226
,0.9510638297872339,0.04893617021276596
,0.9521739130434782,0.04782608695652174
,0.9122137404580153,0.08778625954198473
,0.9726720647773278,0.027327935222672066
,0.959758551307847,0.04024144869215292
,0.9087452471482891,0.09125475285171104
,0.45588235294117646,0.5441176470588235
,0.925414364640884,0.07458563535911603
,0.9690860215053763,0.030913978494623656
,0.3563953488372093,0.6436046511627906
,0.9269102990033223,0.07308970099667775
,0.6190476190476191,0.380952380952381
,0.908805031446541,0.09119496855345914
,0.9534510433386838,0.04654895666131621
,0.8707360861759426,0.12926391382405744
,0.8728813559322035,0.1271186440677966
,0.5384615384615385,0.46153846153846156
,0.9540229885057471,0.04597701149425287
,0.9088235294117648,0.09117647058823529
,0.9709724238026125,0.02902757619738752
,0.9418103448275861,0.05818965517241379
,0.9047990635973469,0.09520093640265316
,0.9006622516556292,0.09933774834437087
,0.9695210449927432,0.030478955007256895
,0.9533333333333334,0.04666666666666667
,0.49019607843137253,0.5098039215686274
,0.8638743455497381,0.13612565445026178
,0.9149797570850204,0.08502024291497977
,0.4549763033175356,0.5450236966824644
,0.8542274052478135,0.1457725947521866
,0.556282722513089,0.443717277486911
,0.9528688524590163,0.0471311475409836
,0.3046875,0.6953124999999999
,0.4794520547945205,0.5205479452054794
,0.9325581395348838,0.06744186046511629
,0.4655367231638418,0.5344632768361582
,0.9134199134199134,0.08658008658008658
,0.35000000000000003,0.65
,0.8716981132075472,0.12830188679245286
,0.9563318777292577,0.04366812227074236
,0.5,0.5
,0.2926829268292683,0.7073170731707318
,0.7827868852459016,0.21721311475409832
,0.9098039215686277,0.09019607843137256
,0.7838983050847458,0.21610169491525424
,0.9599303135888501,0.04006968641114982
,0.5090909090909091,0.4909090909090909
,0.5555555555555556,0.4444444444444445
,0.9202127659574468,0.07978723404255321
,0.7120768909318846,0.28792310906811536
,0.9251700680272108,0.07482993197278913
,0.7264492753623188,0.2735507246376812
,0.723404255319149,0.2765957446808511
,0.8576642335766423,0.14233576642335766
,0.9801031687546057,0.019896831245394254
,0.5961538461538461,0.40384615384615385
,0.984543010752688,0.015456989247311828
,0.4772727272727273,0.5227272727272727
,0.445859872611465,0.5541401273885351
,0.9069767441860466,0.0930232558139535
,0.8646864686468648,0.13531353135313534
,0.953125,0.046875
,0.8739495798319329,0.12605042016806725
,0.9024390243902439,0.0975609756097561
,0.9563994374120955,0.04360056258790436
,0.8988326848249028,0.10116731517509729
,0.7067796610169491,0.29322033898305083
,0.9037267080745343,0.09627329192546584
,0.4666666666666666,0.5333333333333332
,0.953810623556582,0.046189376443418015
,0.9163636363636364,0.08363636363636363
,0.9532908704883227,0.046709129511677286
,0.9450980392156862,0.054901960784313725
,0.9571663920922571,0.042833607907742995
,0.9050632911392407,0.09493670886075951
,0.08064516129032259,0.9193548387096775
,0.9510204081632653,0.04897959183673469
,0.9135338345864663,0.08646616541353384
,0.9545454545454546,0.045454545454545456
,0.4076923076923077,0.5923076923076923
,0.9133126934984521,0.086687306501548
,0.5074626865671642,0.4925373134328359
,0.47847358121330724,0.5215264187866927
,0.8282512379463122,0.17174876205368778
,0.9203539823008849,0.07964601769911504
,0.9565217391304347,0.043478260869565216
,0.9549180327868851,0.04508196721311475
,0.9697601668404587,0.030239833159541193
,0.9712722298221614,0.028727770177838577
,0.9175977653631285,0.08240223463687152
,0.9055944055944057,0.09440559440559441
,0.9513274336283184,0.04867256637168141
,0.4772727272727273,0.5227272727272727
,0.9029126213592233,0.09708737864077671
,0.9537223340040241,0.04627766599597585
,0.5182648401826484,0.4817351598173516
,0.9190283400809718,0.08097165991902835
,0.25,0.75
,0.9057377049180327,0.09426229508196722
,0.8816793893129771,0.11832061068702289
,0.9076923076923078,0.09230769230769233
,0.910569105691057,0.08943089430894309
,0.914814814814815,0.0851851851851852
,0.9248120300751881,0.07518796992481204
,0.53125,0.46875000000000006
,0.49130434782608695,0.5086956521739131
,0.4264705882352942,0.573529411764706
,0.5217391304347826,0.47826086956521735
,0.8663594470046083,0.13364055299539174
,0.9721329046087887,0.027867095391211148
,0.8550185873605949,0.1449814126394052
,0.962962962962963,0.03703703703703704
,0.9598811292719167,0.04011887072808321
,0.559322033898305,0.44067796610169485
,0.9184652278177459,0.0815347721822542
,0.08646616541353384,0.9135338345864663
,0.5617977528089888,0.43820224719101125
,0.9166666666666667,0.08333333333333334
,0.9684813753581661,0.03151862464183381
,0.9109311740890689,0.08906882591093118
,0.8898488120950323,0.11015118790496758
,0.9020152883947185,0.09798471160528144
,0.8683274021352314,0.13167259786476868
,0.9152542372881357,0.08474576271186442
,0.908675799086758,0.09132420091324202
,0.9544468546637744,0.0455531453362256
,0.6236162361623616,0.3763837638376384
,0.47297297297297297,0.5270270270270271
,0.26244343891402716,0.7375565610859728
,0.9049586776859504,0.09504132231404959
,0.9690402476780186,0.030959752321981428
,0.5398230088495576,0.4601769911504425
,0.46153846153846156,0.5384615384615384
,0.34545454545454546,0.6545454545454545
,0.8405221339387061,0.15947786606129402
,0.9405405405405404,0.059459459459459456
,0.9851439182915506,0.014856081708449397
,0.9184597961494902,0.08154020385050963
,0.9709379128137384,0.02906208718626156
,0.9765166340508804,0.023483365949119372
,0.5568181818181818,0.4431818181818182
,0.7782178217821782,0.2217821782178218
,0.7239648682559598,0.27603513174404015
,0.9677645409950946,0.0322354590049054
,0.4705882352941177,0.5294117647058824
,0.5,0.5
,0.5208333333333333,0.47916666666666663
,0.5096774193548388,0.4903225806451614
,0.4626865671641791,0.5373134328358209
,0.8783505154639174,0.12164948453608247
,0.9077490774907749,0.09225092250922509
,0.7084639498432602,0.2915360501567398
,0.5616438356164384,0.4383561643835617
,0.6953242835595776,0.3046757164404223
,0.672566371681416,0.3274336283185841
,0.49514563106796117,0.5048543689320388
,0.9141914191419143,0.08580858085808582
,0.8961038961038962,0.10389610389610389
,0.9563409563409564,0.04365904365904366
,0.8706199460916442,0.1293800539083558
,0.5285714285714286,0.4714285714285715
,0.15677966101694915,0.8432203389830509
,0.5357142857142857,0.46428571428571425
,0.9695290858725761,0.03047091412742382
,0.4888888888888889,0.5111111111111111
,0.9159663865546219,0.08403361344537816
,0.7817391304347825,0.21826086956521742
,0.49159663865546216,0.5084033613445378
,0.9510357815442559,0.04896421845574388
,0.8821656050955414,0.11783439490445859
,0.5079365079365079,0.49206349206349204
,0.45856353591160226,0.5414364640883977
,0.9547325102880659,0.04526748971193415
,0.5405405405405407,0.45945945945945954
,0.9054878048780489,0.09451219512195122
,0.8906752411575564,0.10932475884244375
,0.9548387096774194,0.04516129032258065
,0.8160621761658032,0.18393782383419688
,0.4878048780487805,0.5121951219512195
,0.8754578754578755,0.12454212454212456
,0.9507829977628633,0.04921700223713646
,0.5128205128205129,0.48717948717948717
,0.49137931034482757,0.5086206896551724
,0.4484848484848485,0.5515151515151515
,0.52,0.48000000000000004
,0.9110169491525424,0.08898305084745764
,0.8631921824104236,0.13680781758957658
,0.9887580299785866,0.011241970021413278
,0.5354838709677421,0.4645161290322581
,0.8272058823529412,0.17279411764705885
,0.30128205128205127,0.6987179487179488
,0.49056603773584906,0.5094339622641509
,0.2606837606837607,0.7393162393162394
,0.983308042488619,0.01669195751138088
,0.47058823529411764,0.5294117647058824
,0.5327868852459017,0.46721311475409844
,0.9388560157790926,0.06114398422090729
,0.9249907166728556,0.07500928332714445
,0.9502982107355865,0.049701789264413515
,0.9590268886043534,0.040973111395646605
,0.9497487437185931,0.05025125628140704
,0.9820305480682838,0.017969451931716084
,0.9007731958762886,0.09922680412371133
,0.9292929292929295,0.07070707070707072
,0.7403508771929824,0.2596491228070175
,0.930672268907563,0.06932773109243696
,0.22784810126582278,0.7721518987341771
,0.9537223340040241,0.04627766599597585
,0.8695652173913044,0.13043478260869568
,0.913793103448276,0.08620689655172414
,0.5105485232067511,0.48945147679324896
,0.5211267605633803,0.4788732394366198
,0.5277777777777778,0.47222222222222227
,0.5689655172413792,0.43103448275862066
,0.91869918699187,0.0813008130081301
,0.9516483516483515,0.048351648351648346
,0.9542334096109839,0.04576659038901602
,0.8503937007874016,0.14960629921259844
,0.4621848739495799,0.5378151260504203
,0.489795918367347,0.5102040816326531
,0.9297124600638978,0.07028753993610223
,0.510752688172043,0.489247311827957
,0.5409836065573771,0.459016393442623
,0.9519230769230769,0.04807692307692308
,0.4786324786324787,0.5213675213675214
,0.2892561983471074,0.7107438016528926
,0.951048951048951,0.04895104895104895
,0.5578947368421052,0.4421052631578947
,0.484375,0.515625
,0.917857142857143,0.08214285714285716
,0.489795918367347,0.5102040816326531
,0.9148936170212765,0.0851063829787234
,0.9594594594594593,0.04054054054054054
,0.8807339449541284,0.11926605504587155
,0.952914798206278,0.04708520179372198
,0.3006993006993007,0.6993006993006993
,0.47248576850094876,0.5275142314990512
,0.9128065395095367,0.08719346049046321
,0.8857142857142858,0.1142857142857143
,0.8876689189189189,0.11233108108108107
,0.5955056179775281,0.4044943820224719
,0.7146974063400576,0.28530259365994237
,0.5168539325842697,0.4831460674157304
,0.9250814332247559,0.0749185667752443
,0.9004975124378108,0.09950248756218905
,0.9465811965811965,0.05341880341880341
,0.9421052631578948,0.05789473684210526
,0.9233716475095787,0.07662835249042146
,0.9378531073446328,0.06214689265536723
,0.8996763754045308,0.10032362459546926
,0.9173553719008265,0.08264462809917356
,0.8461538461538461,0.15384615384615385
,0.563314711359404,0.4366852886405959
,0.8615481434864695,0.13845185651353054
,0.8070818070818071,0.19291819291819293
,0.9541284403669724,0.045871559633027525
,0.5454545454545455,0.4545454545454546
,0.8873626373626373,0.11263736263736264
,0.9522821576763485,0.04771784232365145
,0.8767123287671234,0.1232876712328767
,0.9242144177449167,0.07578558225508318
,0.9608516483516482,0.03914835164835165
,0.662104766399245,0.33789523360075513
,0.296551724137931,0.7034482758620689
,0.948081264108352,0.05191873589164785
,0.9696092619392185,0.030390738060781478
,0.5416666666666667,0.45833333333333337
,0.9152542372881357,0.08474576271186442
,0.5647058823529411,0.4352941176470588
,0.866013071895425,0.13398692810457516
,0.9107744107744108,0.08922558922558922
,0.7824302134646962,0.21756978653530382
,0.14436619718309862,0.8556338028169015
,0.937816341287057,0.06218365871294288
,0.9280110752191971,0.07198892478080296
,0.7717171717171718,0.2282828282828283
,0.918781725888325,0.08121827411167513
,0.8875379939209728,0.11246200607902736
,0.9487704918032785,0.051229508196721306
,0.9346892008020626,0.06531079919793757
,0.9365899483325504,0.06341005166744951
,0.9823399558498896,0.017660044150110375
,0.5440613026819923,0.4559386973180077
,0.9503012048192772,0.04969879518072289
,0.9536679536679536,0.04633204633204633
,0.47619047619047616,0.5238095238095237
,0.9821289821289819,0.017871017871017872
,0.9826410415375078,0.017358958462492254
,0.9499694935936546,0.050030506406345335
,0.9555555555555555,0.044444444444444446
,0.9160305343511451,0.08396946564885496
,0.3043478260869566,0.6956521739130436
,0.9111111111111112,0.0888888888888889
,0.9141914191419142,0.0858085808580858
,0.9843003412969283,0.015699658703071672
,0.971172325432415,0.02882767456758488
,0.8954423592493298,0.10455764075067024
,0.9285714285714286,0.07142857142857144
,0.9803571428571426,0.019642857142857142
,0.8862876254180604,0.11371237458193982
,0.9610194902548725,0.038980509745127435
,0.7379227053140097,0.26207729468599034
,0.5909090909090909,0.40909090909090906
,0.9416909620991254,0.05830903790087465
,0.9667774086378738,0.03322259136212625
,0.9504310344827586,0.049568965517241374
,0.8796296296296298,0.12037037037037038
,0.40789473684210525,0.5921052631578947
,0.9368600682593856,0.06313993174061433
,0.9565217391304348,0.04347826086956522
,0.9065040650406504,0.0934959349593496
,0.4339622641509434,0.5660377358490567
,0.9166666666666667,0.08333333333333334
,0.5214285714285714,0.4785714285714286
,0.9546485260770975,0.045351473922902494
,0.5476190476190476,0.45238095238095233
,0.9055118110236221,0.09448818897637797
,0.9767171129220023,0.023282887077997673
,0.45833333333333337,0.5416666666666667
,0.24000000000000002,0.76
,0.9540481400437637,0.045951859956236324
,0.5999999999999999,0.39999999999999997
,0.4909090909090909,0.5090909090909091
,0.4868421052631579,0.5131578947368421
,0.5145631067961165,0.4854368932038835
,0.910493827160494,0.0895061728395062
,0.8966666666666668,0.10333333333333333
,0.9534883720930232,0.046511627906976744
,0.8664688427299704,0.13353115727002968
,0.930388219544846,0.06961178045515394
,0.977142857142857,0.022857142857142857
,0.9304556354916068,0.0695443645083933
,0.9518716577540106,0.0481283422459893
,0.9673405909797821,0.03265940902021773
,0.4333333333333333,0.5666666666666667
,0.9010989010989011,0.09890109890109891
,0.4235294117647059,0.5764705882352942
,0.9172413793103449,0.08275862068965519
,0.9032258064516129,0.09677419354838711
,0.5803571428571428,0.41964285714285715
,0.9187500000000002,0.08125
,0.8960244648318043,0.10397553516819573
,0.9513742071881606,0.04862579281183932
,0.8763157894736843,0.1236842105263158
,0.9129129129129129,0.0870870870870871
,0.9270588235294118,0.07294117647058823
,0.13310580204778158,0.8668941979522186
,0.8078431372549021,0.19215686274509805
,0.9094650205761318,0.09053497942386832
,0.9163179916317991,0.08368200836820083
,0.9487179487179488,0.05128205128205128
,0.9163179916317991,0.08368200836820083
,0.9523809523809523,0.047619047619047616
,0.908831908831909,0.09116809116809117
,0.9218750000000001,0.078125
,0.7138047138047138,0.28619528619528617
,0.9450549450549451,0.05494505494505495
,0.03363636363636364,0.9663636363636363
,0.9807692307692306,0.019230769230769232
,0.9133928571428572,0.08660714285714285
,0.9828220858895704,0.01717791411042945
,0.9230080572963294,0.07699194270367056
,0.43252595155709345,0.5674740484429066
,0.7770842621489077,0.22291573785109228
,0.9759326113116725,0.024067388688327317
,0.9627263045793396,0.03727369542066027
,0.952054794520548,0.04794520547945206
,0.9166666666666666,0.08333333333333334
,0.4716981132075471,0.5283018867924528
,0.9169435215946845,0.08305647840531562
,0.9038461538461539,0.09615384615384616
,0.9533898305084745,0.04661016949152542
,0.8142857142857143,0.18571428571428572
,0.9186440677966102,0.08135593220338984
,0.9430097951914516,0.056990204808548536
,0.7474370922646784,0.25256290773532153
,0.961297071129707,0.038702928870292884
,0.9872235872235873,0.012776412776412779
,0.9433681073025335,0.05663189269746647
,0.9800102511532549,0.019989748846745262
,0.9630573248407643,0.03694267515923567
,0.9630642954856361,0.036935704514363885
,0.9757045675413021,0.024295432458697763
,0.8815709969788521,0.11842900302114806
,0.9080118694362017,0.09198813056379822
,0.9695692883895132,0.030430711610486893
,0.4487179487179487,0.5512820512820513
,0.44827586206896547,0.5517241379310345
,0.5333333333333332,0.4666666666666666
,0.94794952681388,0.05205047318611987
,0.44705882352941173,0.5529411764705882
,0.49411764705882355,0.5058823529411764
,0.49206349206349204,0.5079365079365079
,0.46268656716417905,0.5373134328358209
,0.9465811965811965,0.05341880341880341
,0.46601941747572817,0.5339805825242718
,0.9205298013245033,0.07947019867549669
,0.9239766081871346,0.0760233918128655
,0.951167728237792,0.04883227176220807
,0.9203296703296703,0.07967032967032968
,0.5064935064935066,0.4935064935064935
,0.9049295774647889,0.09507042253521128
,0.9595959595959596,0.04040404040404041
,0.9508196721311474,0.049180327868852465
,0.801762114537445,0.19823788546255505
,0.7876569037656903,0.21234309623430964
,0.8566433566433568,0.1433566433566434
,0.6576576576576577,0.3423423423423424
,0.9111969111969114,0.0888030888030888
,0.9699570815450644,0.030042918454935626
,0.47297297297297297,0.5270270270270271
,0.9715736040609136,0.0284263959390863
,0.9728199320498301,0.02718006795016988
,0.9558541266794627,0.04414587332053743
,0.8876404494382023,0.11235955056179778
,0.9484126984126985,0.05158730158730159
,0.4565656565656566,0.5434343434343435
,0.6992481203007519,0.3007518796992481
,0.9544468546637744,0.0455531453362256
,0.9547511312217194,0.04524886877828055
,0.9636552440290757,0.03634475597092419
,0.8307692307692308,0.16923076923076924
,0.1582278481012658,0.841772151898734
,0.4423076923076923,0.5576923076923077
,0.911439114391144,0.0885608856088561
,0.4352941176470588,0.5647058823529412
,0.956140350877193,0.043859649122807015
,0.8657024793388429,0.13429752066115702
,0.9517102615694165,0.0482897384305835
,0.666131621187801,0.33386837881219905
,0.9149797570850204,0.08502024291497977
,0.9552572706935123,0.04474272930648769
,0.48214285714285715,0.5178571428571429
,0.9084745762711866,0.09152542372881357
,0.2282608695652174,0.7717391304347825
,0.9524838012958962,0.04751619870410367
,0.8013493253373313,0.1986506746626687
,0.9437499999999999,0.056249999999999994
,0.913978494623656,0.08602150537634409
,0.8991097922848665,0.10089020771513353
,0.8628318584070795,0.13716814159292035
,0.5402298850574713,0.4597701149425288
,0.9527027027027027,0.0472972972972973
,0.9568034557235421,0.04319654427645788
,0.5298507462686567,0.47014925373134336
,0.5543478260869565,0.4456521739130435
,0.5228426395939086,0.4771573604060913
,0.8531073446327682,0.14689265536723164
,0.8336052202283849,0.166394779771615
,0.9561904761904763,0.04380952380952381
,0.9636752136752135,0.03632478632478632
,0.9408033826638478,0.05919661733615222
,0.559725400457666,0.4402745995423341
,0.9090909090909092,0.09090909090909093
,0.5517241379310345,0.44827586206896547
,0.45263157894736844,0.5473684210526315
,0.9143835616438357,0.08561643835616438
,0.46511627906976744,0.5348837209302325
,0.9013499480789201,0.09865005192107996
,0.9202453987730062,0.07975460122699388
,0.42424242424242425,0.5757575757575757
,0.9243421052631579,0.0756578947368421
,0.9724061810154524,0.02759381898454746
,0.8556338028169014,0.1443661971830986
,0.5166666666666666,0.48333333333333334
,0.888888888888889,0.11111111111111112
,0.901449275362319,0.09855072463768118
,0.9695290858725761,0.030470914127423823
,0.9576719576719577,0.042328042328042326
,0.735881841876629,0.26411815812337097
,0.487012987012987,0.512987012987013
,0.9003322259136213,0.09966777408637877
,0.9764982373678025,0.02350176263219742
,0.5263157894736842,0.47368421052631576
,0.9097744360902258,0.09022556390977446
,0.9204152249134948,0.07958477508650519
,0.9140625000000001,0.0859375
,0.5263157894736842,0.47368421052631576
,0.4727954971857411,0.5272045028142589
,0.28178694158075607,0.718213058419244
,0.473063973063973,0.5269360269360269
,0.4878048780487805,0.5121951219512195
,0.4868421052631579,0.5131578947368421
,0.6860643185298622,0.31393568147013784
,0.9614035087719298,0.03859649122807018
,0.07888040712468194,0.9211195928753182
,0.7733333333333334,0.22666666666666668
,0.40697674418604646,0.5930232558139534
,0.9038461538461539,0.09615384615384616
,0.8990147783251231,0.10098522167487685
,0.34124438742783836,0.6587556125721616
,0.9676549865229112,0.03234501347708895
,0.030303030303030304,0.9696969696969696
,0.08626198083067094,0.9137380191693292
,0.1951219512195122,0.8048780487804879
,0.27142857142857146,0.7285714285714285
,0.053984575835475584,0.9460154241645244
,0.06473214285714286,0.9352678571428571
,0.38418079096045193,0.615819209039548
,0.8965517241379312,0.10344827586206899
,0.4852941176470588,0.5147058823529411
,0.5172413793103449,0.48275862068965514
,0.4895833333333333,0.5104166666666666
,0.4383561643835617,0.5616438356164384
,0.903485254691689,0.09651474530831099
,0.9228395061728396,0.0771604938271605
,0.4485294117647059,0.5514705882352942
,0.8662790697674418,0.13372093023255816
,0.8957055214723925,0.10429447852760736
,0.2056338028169014,0.7943661971830988
,0.04363001745200698,0.956369982547993
,0.027724665391969407,0.9722753346080305
,0.4463667820069204,0.5536332179930796
,0.4772727272727273,0.5227272727272727
,0.47619047619047616,0.5238095238095237
,0.7075757575757575,0.29242424242424236
,0.9607142857142856,0.039285714285714285
,0.08157894736842106,0.918421052631579
,0.7078085642317381,0.29219143576826195
,0.4148936170212766,0.5851063829787234
,0.8847352024922119,0.11526479750778816
,0.9170616113744077,0.08293838862559241
,0.3525798525798526,0.6474201474201473
,0.9620915032679739,0.03790849673202615
,0.03248587570621469,0.9675141242937854
,0.4722222222222222,0.5277777777777778
,0.4577861163227018,0.5422138836772983
,0.2473867595818815,0.7526132404181185
,0.08637873754152825,0.9136212624584719
,0.2109375,0.7890625
,0.24043715846994534,0.7595628415300546
,0.06282722513089006,0.93717277486911
,0.05822784810126583,0.9417721518987343
,0.41274238227146814,0.5872576177285319
,0.8864864864864864,0.11351351351351352
,0.5084745762711864,0.4915254237288135
,0.5079365079365079,0.49206349206349204
,0.4794520547945205,0.5205479452054794
,0.46875000000000006,0.53125
,0.9057750759878419,0.09422492401215805
,0.9285714285714286,0.07142857142857144
,0.4710743801652893,0.5289256198347108
,0.8645533141210375,0.13544668587896255
,0.9242718446601941,0.07572815533980583
,0.12647058823529414,0.873529411764706
,0.09591474245115453,0.9040852575488453
,0.020872865275142313,0.9791271347248575
,0.9109311740890689,0.08906882591093118
,0.489795918367347,0.5102040816326531
,0.4121405750798722,0.5878594249201278
,0.9204545454545455,0.07954545454545454
,0.08679245283018869,0.9132075471698115
,0.2774755168661589,0.7225244831338412
,0.52,0.48
,0.5322580645161291,0.46774193548387105
,0.5121951219512195,0.4878048780487805
,0.635408245755861,0.364591754244139
,0.488833746898263,0.5111662531017369
,0.6197718631178707,0.3802281368821293
,0.9646393210749646,0.03536067892503536
,0.41269841269841273,0.5873015873015873
,0.6968390804597702,0.3031609195402299
,0.3170028818443804,0.6829971181556196
,0.4874371859296482,0.5125628140703518
,0.9125874125874127,0.08741258741258742
,0.09580838323353294,0.9041916167664671
,0.44078947368421045,0.5592105263157895
,0.10104529616724739,0.8989547038327526
,0.9076923076923078,0.09230769230769231
,0.05593220338983051,0.9440677966101695
,0.08633093525179857,0.9136690647482014
,0.5140845070422535,0.48591549295774644
,0.3893129770992366,0.6106870229007634
,0.907849829351536,0.09215017064846417
,0.4375,0.5625
,0.2839506172839506,0.7160493827160495
,0.5041322314049587,0.4958677685950414
,0.5290697674418604,0.47093023255813954
,0.9252077562326871,0.07479224376731303
,0.07348242811501599,0.9265175718849842
,0.9520766773162939,0.047923322683706075
,0.5063291139240507,0.4936708860759494
,0.5466666666666667,0.45333333333333337
,0.08812260536398468,0.9118773946360155
,0.9281045751633987,0.0718954248366013
,0.5070422535211268,0.49295774647887325
,0.0345086271567892,0.9654913728432107
,0.9047619047619048,0.09523809523809525
,0.43636363636363634,0.5636363636363636
,0.5700934579439252,0.42990654205607476
,0.30625,0.6937500000000001
,0.4764705882352941,0.5235294117647058
,0.8749999999999999,0.125
,0.5420560747663552,0.4579439252336448
,0.9204244031830239,0.07957559681697614
,0.4537444933920705,0.5462555066079295
,0.7641509433962265,0.23584905660377356
,0.48148148148148145,0.5185185185185185
,0.12560386473429952,0.8743961352657006
,0.7705192629815745,0.2294807370184255
,0.06683804627249357,0.9331619537275064
,0.5182232346241457,0.4817767653758542
,0.8528610354223435,0.14713896457765668
,0.08239700374531836,0.9176029962546818
,0.4525547445255474,0.5474452554744526
,0.4793388429752067,0.5206611570247934
,0.5842696629213483,0.4157303370786517
,0.4885496183206107,0.5114503816793894
,0.5142857142857143,0.4857142857142857
,0.5,0.5
,0.47967479674796754,0.5203252032520326
,0.5178571428571429,0.48214285714285715
,0.7180851063829788,0.2819148936170213
,0.09965635738831617,0.900343642611684
,0.020522388059701493,0.9794776119402985
,0.8856345885634589,0.11436541143654115
,0.9172413793103449,0.08275862068965519
,0.5157894736842105,0.4842105263157895
,0.0946969696969697,0.9053030303030303
,0.5,0.5
,0.9529190207156308,0.047080979284369114
,0.5121951219512195,0.4878048780487805
,0.459016393442623,0.5409836065573771
,0.4353741496598639,0.564625850340136
,0.31462140992167104,0.685378590078329
,0.5268817204301075,0.47311827956989244
,0.36893203883495146,0.6310679611650486
,0.4189189189189189,0.5810810810810811
,0.4516129032258065,0.5483870967741936
,0.5628415300546448,0.4371584699453552
,0.9130434782608697,0.08695652173913046
,0.38174273858921165,0.6182572614107884
,0.8873720136518772,0.11262798634812288
,0.5,0.5
,0.9454926624737944,0.05450733752620545
,0.5537190082644627,0.44628099173553726
,0.8961937716262977,0.10380622837370243
,0.9303135888501743,0.06968641114982578
,0.5420560747663552,0.4579439252336448
,0.5229885057471263,0.47701149425287354
,0.3423493044822257,0.6576506955177743
,0.9344827586206895,0.06551724137931034
,0.5142857142857143,0.48571428571428577
,0.4222222222222222,0.5777777777777778
,0.9218750000000001,0.078125
,0.3748443337484434,0.6251556662515567
,0.08823529411764708,0.911764705882353
,0.25503355704697983,0.7449664429530201
,0.9159663865546219,0.08403361344537816
,0.5359712230215827,0.4640287769784173
,0.9130434782608696,0.08695652173913045
,0.9224137931034483,0.07758620689655173
,0.8936170212765958,0.10638297872340427
,0.07785888077858881,0.9221411192214112
,0.5185185185185185,0.48148148148148145
,0.5833333333333333,0.41666666666666663
,0.9185185185185186,0.08148148148148149
,0.95,0.05
,0.4915254237288135,0.5084745762711864
,0.08064516129032259,0.9193548387096775
,0.481216457960644,0.518783542039356
,0.49122807017543857,0.5087719298245614
,0.49440715883668895,0.5055928411633109
,0.44606413994169103,0.5539358600583091
,0.5694444444444445,0.4305555555555556
,0.5874125874125874,0.4125874125874126
,0.5227272727272727,0.4772727272727273
,0.5021276595744681,0.49787234042553197
,0.17123287671232876,0.8287671232876712
,0.12437810945273631,0.8756218905472636
,0.43000000000000005,0.5700000000000001
,0.918032786885246,0.0819672131147541
,0.28758169934640526,0.7124183006535949
,0.9148351648351648,0.08516483516483517
,0.9713843774168599,0.028615622583139984
,0.08196721311475412,0.918032786885246
,0.3012048192771084,0.6987951807228915
,0.5801526717557252,0.41984732824427484
,0.7156862745098039,0.2843137254901961
,0.9534534534534536,0.046546546546546545
,0.5087719298245614,0.49122807017543857
,0.46031746031746035,0.5396825396825398
,0.5,0.5
,0.5074626865671642,0.4925373134328358
,0.297029702970297,0.7029702970297029
,0.953405017921147,0.04659498207885305
,0.07931034482758621,0.920689655172414
,0.4716981132075471,0.5283018867924528
,0.5,0.5
,0.11764705882352942,0.8823529411764706
,0.9522776572668114,0.04772234273318872
,0.9554794520547946,0.044520547945205484
,0.5263157894736842,0.47368421052631576
,0.5875440658049353,0.41245593419506466
,0.0824468085106383,0.9175531914893618
,0.656023222060958,0.3439767779390421
,0.05596107055961071,0.9440389294403893
,0.5161290322580645,0.48387096774193555
,0.5094339622641509,0.49056603773584906
,0.4807692307692307,0.5192307692307693
,0.26285714285714284,0.7371428571428572
,0.4714285714285715,0.5285714285714286
,0.5,0.5
,0.08135593220338984,0.9186440677966102
,0.14687500000000003,0.853125
,0.4807692307692307,0.5192307692307693
,0.4878048780487805,0.5121951219512195
,0.4854368932038835,0.5145631067961165
,0.823529411764706,0.17647058823529413
,0.07894736842105265,0.9210526315789476
,0.4091858037578288,0.5908141962421712
,0.4646464646464647,0.5353535353535354
,0.5438596491228069,0.45614035087719296
,0.9543568464730291,0.04564315352697095
,0.4576271186440678,0.5423728813559322
,0.034261241970021415,0.9657387580299786
,0.5919938414164743,0.4080061585835258
,0.20923076923076922,0.7907692307692309
,0.9487179487179488,0.05128205128205128
,0.6280788177339901,0.3719211822660098
,0.9042904290429045,0.09570957095709573
,0.6902552204176333,0.30974477958236657
,0.5166666666666666,0.48333333333333334
,0.5272727272727273,0.4727272727272728
,0.38247011952191234,0.6175298804780878
,0.44067796610169485,0.559322033898305
,0.49324324324324326,0.5067567567567568
,0.951417004048583,0.048582995951417005
,0.4705882352941177,0.5294117647058824
,0.17001828153564896,0.8299817184643509
,0.4269662921348315,0.5730337078651686
,0.9714693295292439,0.02853067047075606
,0.41250000000000003,0.5875
,0.15662650602409642,0.8433734939759038
,0.3479490806223479,0.652050919377652
,0.13333333333333333,0.8666666666666667
,0.2694300518134715,0.7305699481865284
,0.15622641509433965,0.8437735849056603
,0.06385869565217392,0.9361413043478262
,0.016227180527383367,0.9837728194726165
,0.5328947368421053,0.4671052631578947
,0.4806017418844022,0.5193982581155978
,0.5009009009009009,0.49909909909909905
,0.5324675324675325,0.4675324675324675
,0.25925925925925924,0.7407407407407408
,0.44061302681992337,0.5593869731800767
,0.4657534246575343,0.5342465753424658
,0.5333333333333333,0.4666666666666667
,0.8541666666666667,0.14583333333333334
,0.9100719424460433,0.08992805755395684
,0.46031746031746035,0.5396825396825398
,0.484375,0.515625
,0.9461966604823747,0.05380333951762523
,0.48936170212765956,0.5106382978723404
,0.9696969696969697,0.030303030303030304
,0.058423913043478264,0.9415760869565217
,0.9169329073482428,0.0830670926517572
,0.5919540229885057,0.4080459770114942
,0.36710369487485106,0.632896305125149
,0.8846153846153846,0.1153846153846154
,0.06705882352941177,0.9329411764705883
,0.49193548387096775,0.5080645161290323
,0.08086253369272238,0.9191374663072777
,0.08239700374531836,0.9176029962546818
,0.4222222222222222,0.5777777777777778
,0.4672897196261682,0.5327102803738318
,0.08301886792452831,0.9169811320754718
,0.05555555555555555,0.9444444444444443
,0.7186700767263428,0.28132992327365736
,0.41935483870967744,0.5806451612903225
,0.05882352941176471,0.9411764705882354
,0.08454810495626824,0.9154518950437319
,0.12871287128712872,0.8712871287128713
,0.4883720930232558,0.5116279069767441
,0.5370370370370371,0.4629629629629629
,0.46428571428571425,0.5357142857142857
,0.30205949656750575,0.6979405034324944
,0.37810945273631835,0.6218905472636815
,0.9133126934984521,0.086687306501548
,0.1794871794871795,0.8205128205128206
,0.46994535519125685,0.5300546448087431
,0.9658385093167701,0.03416149068322981
,0.9453924914675768,0.05460750853242321
,0.3807890222984563,0.6192109777015438
,0.08203125,0.91796875
,0.021739130434782608,0.9782608695652174
,0.5528455284552846,0.4471544715447155
,0.9495145631067962,0.05048543689320388
,0.49056603773584906,0.5094339622641509
,0.4605263157894737,0.5394736842105263
,0.9276485788113695,0.0723514211886305
,0.6341880341880342,0.3658119658119658
,0.91,0.09000000000000001
,0.5238095238095238,0.47619047619047616
,0.9530332681017613,0.046966731898238745
,0.5,0.5
,0.04276315789473684,0.9572368421052632
,0.907849829351536,0.09215017064846417
,0.9380053908355795,0.06199460916442049
,0.5333333333333332,0.4666666666666666
,0.4528301886792453,0.5471698113207547
,0.503225806451613,0.49677419354838714
,0.915492957746479,0.08450704225352114
,0.5762711864406779,0.42372881355932196
,0.6000000000000001,0.4
,0.9097472924187726,0.09025270758122744
,0.9711934156378601,0.028806584362139922
,0.7047817047817048,0.2952182952182952
,0.9255583126550868,0.07444168734491316
,0.8301369863013698,0.1698630136986301
,0.04524886877828055,0.9547511312217194
,0.9673590504451038,0.03264094955489614
,0.5409836065573771,0.459016393442623
,0.4738841405508072,0.5261158594491927
,0.5416666666666666,0.4583333333333333
,0.11650485436893204,0.883495145631068
,0.5189873417721519,0.4810126582278481
,0.45762711864406774,0.5423728813559321
,0.4496124031007752,0.5503875968992248
,0.8764940239043825,0.12350597609561752
,0.390715667311412,0.6092843326885881
,0.5899613899613899,0.41003861003861003
,0.3716707021791768,0.6283292978208234
,0.0906515580736544,0.9093484419263457
,0.8997461928934009,0.10025380710659898
,0.23571428571428574,0.7642857142857143
,0.8734177215189874,0.12658227848101267
,0.5529411764705882,0.44705882352941173
,0.8863636363636365,0.11363636363636366
,0.932126696832579,0.06787330316742082
,0.5,0.5
,0.951863354037267,0.04813664596273291
,0.9159663865546219,0.08403361344537816
,0.17154811715481172,0.8284518828451882
,0.48598130841121495,0.5140186915887851
,0.5294117647058824,0.4705882352941177
,0.8992248062015504,0.10077519379844961
,0.04103343465045593,0.9589665653495442
,0.5333333333333332,0.4666666666666666
,0.920749279538905,0.0792507204610951
,0.4657534246575343,0.5342465753424658
,0.8238095238095238,0.17619047619047618
,0.4673913043478261,0.5326086956521738
,0.07633587786259542,0.9236641221374047
,0.4805194805194805,0.5194805194805195
,0.5135135135135135,0.48648648648648646
,0.4673913043478261,0.5326086956521738
,0.09523809523809525,0.9047619047619049
,0.8959731543624162,0.1040268456375839
,0.42857142857142855,0.5714285714285714
,0.08142493638676845,0.9185750636132317
,0.3641703377386196,0.6358296622613803
,0.5192307692307693,0.4807692307692307
,0.274074074074074,0.7259259259259259
,0.07975460122699388,0.9202453987730062
,0.8005249343832022,0.1994750656167979
,0.5035460992907801,0.4964539007092198
,0.08914728682170543,0.9108527131782946
,0.47311827956989244,0.5268817204301075
,0.4346153846153846,0.5653846153846154
,0.41935483870967744,0.5806451612903225

